{"cameraMode":{"drawMode":0,"name":"Shaded","section":"Shading Mode"},"sceneLighting":true,"audioPlay":false,"sceneViewState":{"showFog":true,"showMaterialUpdate":false,"showSkybox":true,"showFlares":true,"showImageEffects":true,"showParticleSystems":true},"in2DMode":false,"pivot":{"x":6.216805458068848,"y":2.1976966857910158,"z":0.18664027750492097},"rotation":{"x":0.07665427774190903,"y":-0.639883279800415,"z":0.06572351604700089,"w":0.7618116736412048},"size":11.261445045471192,"orthographic":true}