{"cameraMode":{"drawMode":0,"name":"Shaded","section":"Shading Mode"},"sceneLighting":true,"audioPlay":false,"sceneViewState":{"showFog":true,"showMaterialUpdate":false,"showSkybox":true,"showFlares":true,"showImageEffects":true,"showParticleSystems":true},"in2DMode":false,"pivot":{"x":31.270572662353517,"y":5.824446201324463,"z":0.13757847249507905},"rotation":{"x":-0.05525951832532883,"y":0.7687995433807373,"z":-0.06705477088689804,"w":-0.6335622072219849},"size":8.37650203704834,"orthographic":true}